,Year,Player,Pos,Age,G,PER,MPG,PPG,APG,RPG,TOPG,BPG,SPG,salary17_18
0,2017.0,Alex Abrines,SG,23.0,68.0,10.1,15.514705882352942,5.970588235294118,0.5882352941176471,1.2647058823529411,0.4852941176470588,0.11764705882352941,0.5441176470588235,5.725
1,2017.0,Quincy Acy,PF,26.0,38.0,11.8,14.68421052631579,5.842105263157895,0.47368421052631576,3.026315789473684,0.5526315789473685,0.39473684210526316,0.3684210526315789,1.709538
2,2017.0,Steven Adams,C,23.0,80.0,16.5,29.8625,11.3125,1.075,7.6875,1.825,0.975,1.1,22.47191
3,2017.0,Arron Afflalo,SG,31.0,61.0,9.0,25.901639344262296,8.442622950819672,1.278688524590164,2.0491803278688523,0.6885245901639344,0.11475409836065574,0.3442622950819672,2.328652
4,2017.0,Arron Afflalo,SG,31.0,61.0,9.0,25.901639344262296,8.442622950819672,1.278688524590164,2.0491803278688523,0.6885245901639344,0.11475409836065574,0.3442622950819672,1.5
5,2017.0,Alexis Ajinca,C,28.0,39.0,12.9,14.974358974358974,5.3076923076923075,0.3076923076923077,4.538461538461538,0.7948717948717948,0.5641025641025641,0.5128205128205128,4.961798
6,2017.0,Cole Aldrich,C,28.0,62.0,12.7,8.564516129032258,1.6935483870967742,0.4032258064516129,2.5483870967741935,0.27419354838709675,0.3709677419354839,0.4032258064516129,7.3
7,2017.0,LaMarcus Aldridge,PF,31.0,72.0,18.6,32.43055555555556,17.26388888888889,1.9305555555555556,7.277777777777778,1.3611111111111112,1.2361111111111112,0.6388888888888888,21.46101
8,2017.0,Tony Allen,SG,35.0,71.0,13.3,26.95774647887324,9.056338028169014,1.380281690140845,5.507042253521127,1.408450704225352,0.4084507042253521,1.619718309859155,2.116955
9,2017.0,Al-Farouq Aminu,SF,26.0,61.0,11.3,29.065573770491802,8.721311475409836,1.6229508196721312,7.39344262295082,1.540983606557377,0.7213114754098361,0.9836065573770492,7.319035
10,2017.0,Justin Anderson,SF,23.0,75.0,13.9,16.373333333333335,7.093333333333334,0.88,3.2666666666666666,0.88,0.30666666666666664,0.5466666666666666,1.57944
11,2017.0,Kyle Anderson,SG,23.0,72.0,12.5,14.166666666666666,3.4166666666666665,1.2638888888888888,2.888888888888889,0.5416666666666666,0.3611111111111111,0.7083333333333334,2.151704
12,2017.0,Ryan Anderson,PF,28.0,72.0,13.5,29.38888888888889,13.597222222222221,0.9444444444444444,4.583333333333333,0.7638888888888888,0.19444444444444445,0.4444444444444444,19.578455
13,2017.0,Giannis Antetokounmpo,SF,22.0,80.0,26.1,35.5625,22.9,5.425,8.75,2.925,1.8875,1.6375,22.47191
14,2017.0,Carmelo Anthony,SF,32.0,74.0,17.9,34.2972972972973,22.41891891891892,2.8783783783783785,5.891891891891892,2.0675675675675675,0.4594594594594595,0.8108108108108109,26.24376
15,2017.0,Trevor Ariza,SF,31.0,80.0,12.3,34.6625,11.7,2.1875,5.7375,0.925,0.25,1.8375,7.420912
16,2017.0,Darrell Arthur,PF,28.0,41.0,12.8,15.585365853658537,6.390243902439025,1.024390243902439,2.731707317073171,0.8780487804878049,0.5121951219512195,0.4634146341463415,7.464912
17,2017.0,Omer Asik,C,30.0,31.0,9.8,15.548387096774194,2.7419354838709675,0.4838709677419355,5.258064516129032,0.45161290322580644,0.3225806451612903,0.16129032258064516,10.595505
18,2017.0,D.J. Augustin,PG,29.0,78.0,11.0,19.71794871794872,7.897435897435898,2.6794871794871793,1.5,1.1538461538461537,0.01282051282051282,0.3974358974358974,7.25
19,2017.0,Luke Babbitt,SF,27.0,68.0,8.4,15.661764705882353,4.764705882352941,0.5294117647058824,2.088235294117647,0.36764705882352944,0.16176470588235295,0.3088235294117647,1.974159
20,2017.0,Ron Baker,SG,23.0,52.0,7.5,16.48076923076923,4.134615384615385,2.0576923076923075,1.8846153846153846,1.0769230769230769,0.15384615384615385,0.6538461538461539,4.328
21,2017.0,Wade Baldwin,PG,20.0,33.0,6.4,12.272727272727273,3.212121212121212,1.8484848484848484,1.393939393939394,1.2121212121212122,0.21212121212121213,0.5454545454545454,1.8744
22,2017.0,Wade Baldwin,PG,20.0,33.0,6.4,12.272727272727273,3.212121212121212,1.8484848484848484,1.393939393939394,1.2121212121212122,0.21212121212121213,0.5454545454545454,0.222476
23,2017.0,Leandro Barbosa,SG,34.0,67.0,11.5,14.373134328358208,6.253731343283582,1.208955223880597,1.5522388059701493,0.7164179104477612,0.11940298507462686,0.4626865671641791,0.5
24,2017.0,J.J. Barea,PG,32.0,35.0,17.2,22.02857142857143,10.885714285714286,5.514285714285714,2.4,1.8,0.02857142857142857,0.4,3.9039
25,2017.0,Harrison Barnes,PF,24.0,79.0,16.3,35.48101265822785,19.21518987341772,1.481012658227848,5.025316455696203,1.2911392405063291,0.189873417721519,0.8354430379746836,23.112004
26,2017.0,Matt Barnes,SF,36.0,74.0,10.3,24.013513513513512,7.121621621621622,2.6216216216216215,5.22972972972973,1.445945945945946,0.35135135135135137,0.6486486486486487,2.133542
27,2017.0,Will Barton,SG,26.0,60.0,15.5,28.416666666666668,13.666666666666666,3.433333333333333,4.3,1.6166666666666667,0.4666666666666667,0.8,3.533333
28,2017.0,Nicolas Batum,SG,28.0,77.0,15.8,33.98701298701299,15.116883116883116,5.909090909090909,6.246753246753247,2.5194805194805197,0.37662337662337664,1.1168831168831168,22.434783
29,2017.0,Jerryd Bayless,PG,28.0,3.0,8.7,23.666666666666668,11.0,4.333333333333333,4.0,3.0,0.0,0.0,9.0
30,2017.0,Aron Baynes,C,30.0,75.0,13.1,15.506666666666666,4.866666666666666,0.4266666666666667,4.44,0.6666666666666666,0.52,0.22666666666666666,4.328
31,2017.0,Kent Bazemore,SF,27.0,73.0,11.5,26.89041095890411,10.972602739726028,2.4246575342465753,3.164383561643836,1.7123287671232876,0.7123287671232876,1.2465753424657535,16.910113
32,2017.0,Bradley Beal,SG,23.0,77.0,20.1,34.857142857142854,23.103896103896105,3.4675324675324677,3.103896103896104,2.038961038961039,0.2727272727272727,1.077922077922078,23.775506
33,2017.0,Malik Beasley,SG,20.0,22.0,13.7,7.5,3.772727272727273,0.5,0.7727272727272727,0.36363636363636365,0.0,0.3181818181818182,1.70064
34,2017.0,Michael Beasley,PF,28.0,56.0,17.8,16.696428571428573,9.428571428571429,0.9464285714285714,3.4464285714285716,1.1785714285714286,0.48214285714285715,0.5,2.116955
35,2017.0,Marco Belinelli,SG,30.0,74.0,13.3,24.027027027027028,10.54054054054054,1.9864864864864864,2.4054054054054053,0.9459459459459459,0.12162162162162163,0.5945945945945946,6.30606
36,2017.0,Marco Belinelli,SG,30.0,74.0,13.3,24.027027027027028,10.54054054054054,1.9864864864864864,2.4054054054054053,0.9459459459459459,0.12162162162162163,0.5945945945945946,0.776217
37,2017.0,DeAndre' Bembry,SF,22.0,38.0,8.8,9.763157894736842,2.6578947368421053,0.7368421052631579,1.5526315789473684,0.42105263157894735,0.13157894736842105,0.21052631578947367,1.5672
38,2017.0,Dragan Bender,PF,19.0,43.0,5.3,13.348837209302326,3.395348837209302,0.5348837209302325,2.395348837209302,0.7441860465116279,0.5116279069767442,0.23255813953488372,4.4688
39,2017.0,Davis Bertans,PF,24.0,67.0,12.9,12.059701492537313,4.522388059701493,0.6865671641791045,1.4776119402985075,0.47761194029850745,0.417910447761194,0.29850746268656714,1.312611
40,2017.0,Patrick Beverley,SG,28.0,67.0,13.0,30.71641791044776,9.537313432835822,4.1940298507462686,5.880597014925373,1.492537313432836,0.373134328358209,1.4776119402985075,5.513514
41,2017.0,Bismack Biyombo,C,24.0,81.0,12.2,22.135802469135804,5.962962962962963,0.9135802469135802,7.0,1.1728395061728396,1.123456790123457,0.30864197530864196,17.0
42,2017.0,Nemanja Bjelica,PF,28.0,65.0,11.0,18.307692307692307,6.2,1.2153846153846153,3.753846153846154,0.9076923076923077,0.3076923076923077,0.6153846153846154,3.949999
43,2017.0,Tarik Black,C,25.0,67.0,15.0,16.28358208955224,5.7164179104477615,0.582089552238806,5.104477611940299,0.8656716417910447,0.6567164179104478,0.44776119402985076,3.29
44,2017.0,Eric Bledsoe,PG,27.0,66.0,20.6,32.96969696969697,21.060606060606062,6.333333333333333,4.848484848484849,3.378787878787879,0.4696969696969697,1.393939393939394,14.5
45,2017.0,Bojan Bogdanovic,SF,27.0,81.0,13.5,25.71604938271605,13.74074074074074,1.3703703703703705,3.419753086419753,1.6049382716049383,0.08641975308641975,0.41975308641975306,10.5
46,2017.0,Andrew Bogut,C,32.0,27.0,9.3,21.59259259259259,2.925925925925926,1.8148148148148149,8.074074074074074,1.5925925925925926,0.9259259259259259,0.48148148148148145,2.328652
47,2017.0,Joel Bolomboy,PF,23.0,12.0,19.7,4.416666666666667,1.8333333333333333,0.16666666666666666,1.4166666666666667,0.16666666666666666,0.16666666666666666,0.08333333333333333,1.312611
48,2017.0,Joel Bolomboy,PF,23.0,12.0,19.7,4.416666666666667,1.8333333333333333,0.16666666666666666,1.4166666666666667,0.16666666666666666,0.16666666666666666,0.08333333333333333,0.022248
49,2017.0,Devin Booker,SG,20.0,78.0,14.6,35.0,22.128205128205128,3.4358974358974357,3.1923076923076925,3.08974358974359,0.2692307692307692,0.9230769230769231,2.31936
50,2017.0,Trevor Booker,PF,29.0,71.0,15.7,24.704225352112676,9.985915492957746,1.943661971830986,8.028169014084508,1.7887323943661972,0.39436619718309857,1.0704225352112675,9.125
51,2017.0,Avery Bradley,SG,26.0,55.0,14.4,33.36363636363637,16.254545454545454,2.2,6.072727272727272,1.6,0.2,1.2363636363636363,8.808989
52,2017.0,Corey Brewer,SF,30.0,82.0,9.1,15.621951219512194,4.524390243902439,1.1829268292682926,2.024390243902439,0.6707317073170732,0.23170731707317074,0.7439024390243902,7.579366
53,2017.0,Malcolm Brogdon,SG,24.0,75.0,14.9,26.426666666666666,10.226666666666667,4.226666666666667,2.84,1.5066666666666666,0.16,1.12,1.312611
54,2017.0,Aaron Brooks,PG,32.0,65.0,9.5,13.753846153846155,4.953846153846154,1.9230769230769231,1.0615384615384615,1.0153846153846153,0.13846153846153847,0.38461538461538464,2.116955
55,2017.0,Bobby Brown,PG,32.0,25.0,10.8,4.92,2.48,0.56,0.24,0.2,0.0,0.04,1.524305
56,2017.0,Jaylen Brown,SF,20.0,78.0,10.3,17.192307692307693,6.602564102564102,0.8205128205128205,2.8205128205128207,0.8717948717948718,0.23076923076923078,0.44871794871794873,4.95648
57,2017.0,Nicolas Brussino,SF,23.0,54.0,10.7,9.648148148148149,2.7777777777777777,0.8703703703703703,1.7592592592592593,0.48148148148148145,0.14814814814814814,0.3148148148148148,1.312611
58,2017.0,Reggie Bullock,SF,25.0,31.0,11.7,15.064516129032258,4.548387096774194,0.9354838709677419,2.064516129032258,0.3225806451612903,0.0967741935483871,0.5806451612903226,2.5
59,2017.0,Trey Burke,PG,24.0,57.0,10.8,12.333333333333334,5.0,1.7543859649122806,0.8245614035087719,0.8421052631578947,0.08771929824561403,0.19298245614035087,0.78416
60,2017.0,Alec Burks,SG,25.0,42.0,11.6,15.547619047619047,6.738095238095238,0.7142857142857143,2.857142857142857,0.8333333333333334,0.11904761904761904,0.42857142857142855,10.845506
61,2017.0,Jimmy Butler,SF,27.0,76.0,25.1,36.96052631578947,23.894736842105264,5.4868421052631575,6.184210526315789,2.0921052631578947,0.42105263157894735,1.881578947368421,19.30107
62,2017.0,Bruno Caboclo,SF,21.0,9.0,14.6,4.444444444444445,1.5555555555555556,0.4444444444444444,1.1111111111111112,0.2222222222222222,0.1111111111111111,0.2222222222222222,2.451225
63,2017.0,Jose Calderon,PG,35.0,41.0,8.9,13.146341463414634,3.4390243902439024,2.1463414634146343,1.8048780487804879,1.0,0.024390243902439025,0.2682926829268293,2.328652
64,2017.0,Kentavious Caldwell-Pope,SG,23.0,76.0,12.8,33.276315789473685,13.776315789473685,2.539473684210526,3.263157894736842,1.131578947368421,0.15789473684210525,1.1710526315789473,17.745894
65,2017.0,Isaiah Canaan,SG,25.0,39.0,8.1,15.179487179487179,4.641025641025641,0.9487179487179487,1.2564102564102564,0.5128205128205128,0.02564102564102564,0.5641025641025641,1.069308
66,2017.0,Isaiah Canaan,SG,25.0,39.0,8.1,15.179487179487179,4.641025641025641,0.9487179487179487,1.2564102564102564,0.5128205128205128,0.02564102564102564,0.5641025641025641,0.2
67,2017.0,Isaiah Canaan,SG,25.0,39.0,8.1,15.179487179487179,4.641025641025641,0.9487179487179487,1.2564102564102564,0.5128205128205128,0.02564102564102564,0.5641025641025641,0.053465
68,2017.0,Clint Capela,C,22.0,65.0,21.4,23.861538461538462,12.584615384615384,0.9846153846153847,8.092307692307692,1.3384615384615384,1.2307692307692308,0.5230769230769231,2.33452
69,2017.0,DeMarre Carroll,SF,30.0,72.0,11.9,26.13888888888889,8.86111111111111,1.0277777777777777,3.8194444444444446,0.75,0.375,1.125,14.8
70,2017.0,Vince Carter,SF,40.0,73.0,11.7,24.643835616438356,8.027397260273972,1.821917808219178,3.1095890410958904,0.684931506849315,0.4931506849315068,0.821917808219178,8.0
71,2017.0,Michael Carter-Williams,PG,25.0,45.0,9.9,18.8,6.6,2.511111111111111,3.3777777777777778,1.4666666666666666,0.5111111111111111,0.8444444444444444,2.7
72,2017.0,Omri Casspi,SF,28.0,36.0,9.9,17.86111111111111,5.166666666666667,1.0277777777777777,3.111111111111111,0.8055555555555556,0.08333333333333333,0.6388888888888888,2.10647
73,2017.0,Willie Cauley-Stein,C,23.0,75.0,16.4,18.946666666666665,8.146666666666667,1.0666666666666667,4.533333333333333,0.92,0.6,0.7066666666666667,3.70416
74,2017.0,Tyson Chandler,C,34.0,47.0,16.6,27.617021276595743,8.446808510638299,0.6382978723404256,11.46808510638298,1.425531914893617,0.5106382978723404,0.7021276595744681,13.0
75,2017.0,Wilson Chandler,SF,29.0,71.0,14.9,30.943661971830984,15.732394366197184,1.9859154929577465,6.464788732394366,1.6056338028169015,0.4225352112676056,0.7323943661971831,12.016854
76,2017.0,Marquese Chriss,PF,19.0,82.0,12.3,21.25609756097561,9.182926829268293,0.7317073170731707,4.2439024390243905,1.3170731707317074,0.8536585365853658,0.8170731707317073,3.0738
77,2017.0,Rakeem Christmas,PF,25.0,29.0,10.4,7.551724137931035,2.0344827586206895,0.13793103448275862,1.9310344827586208,0.27586206896551724,0.20689655172413793,0.10344827586206896,0.172552
78,2017.0,Ian Clark,SG,25.0,77.0,13.1,14.766233766233766,6.8441558441558445,1.1688311688311688,1.5844155844155845,0.7142857142857143,0.1038961038961039,0.5064935064935064,1.57723
79,2017.0,Jordan Clarkson,SG,24.0,82.0,13.1,29.23170731707317,14.695121951219512,2.597560975609756,3.0,2.0,0.0975609756097561,1.0731707317073171,11.5625
80,2017.0,Darren Collison,PG,29.0,68.0,15.3,30.33823529411765,13.235294117647058,4.588235294117647,2.25,1.6764705882352942,0.1323529411764706,0.9852941176470589,10.0
81,2017.0,Nick Collison,PF,36.0,20.0,12.8,6.4,1.65,0.6,1.5,0.2,0.1,0.1,2.328652
82,2017.0,Mike Conley,PG,29.0,69.0,23.2,33.21739130434783,20.507246376811594,6.27536231884058,3.5072463768115942,2.260869565217391,0.2753623188405797,1.3333333333333333,28.530608
83,2017.0,Pat Connaughton,SG,24.0,39.0,11.8,8.102564102564102,2.5128205128205128,0.717948717948718,1.3333333333333333,0.4358974358974359,0.05128205128205128,0.15384615384615385,1.471382
84,2017.0,Quinn Cook,PG,23.0,14.0,11.8,13.428571428571429,5.642857142857143,1.8571428571428572,0.5,0.9285714285714286,0.0,0.2857142857142857,0.1
85,2017.0,Quinn Cook,PG,23.0,14.0,11.8,13.428571428571429,5.642857142857143,1.8571428571428572,0.5,0.9285714285714286,0.0,0.2857142857142857,0.025
86,2017.0,DeMarcus Cousins,C,26.0,72.0,25.7,34.236111111111114,26.97222222222222,4.611111111111111,11.069444444444445,3.736111111111111,1.2777777777777777,1.3888888888888888,18.06385
87,2017.0,Robert Covington,SF,26.0,67.0,13.2,31.62686567164179,12.895522388059701,1.5223880597014925,6.507462686567164,1.955223880597015,1.0298507462686568,1.8955223880597014,16.698103
88,2017.0,Allen Crabbe,SG,24.0,79.0,11.6,28.531645569620252,10.69620253164557,1.1772151898734178,2.848101265822785,0.7848101265822784,0.25316455696202533,0.6835443037974683,19.3325
89,2017.0,Jamal Crawford,SG,36.0,82.0,12.0,26.304878048780488,12.292682926829269,2.597560975609756,1.5731707317073171,1.6341463414634145,0.17073170731707318,0.7195121951219512,10.942762
90,2017.0,Jamal Crawford,SG,36.0,82.0,12.0,26.304878048780488,12.292682926829269,2.597560975609756,1.5731707317073171,1.6341463414634145,0.17073170731707318,0.7195121951219512,4.328
91,2017.0,Jordan Crawford,SG,28.0,19.0,17.6,23.263157894736842,14.052631578947368,3.0,1.7894736842105263,1.3157894736842106,0.10526315789473684,0.5789473684210527,0.25
92,2017.0,Jae Crowder,SF,26.0,72.0,14.9,32.43055555555556,13.875,2.1527777777777777,5.763888888888889,1.0972222222222223,0.3194444444444444,1.0,6.796117
93,2017.0,Dante Cunningham,SF,29.0,66.0,10.2,24.984848484848484,6.590909090909091,0.5454545454545454,4.196969696969697,0.42424242424242425,0.42424242424242425,0.5909090909090909,2.3
94,2017.0,Seth Curry,PG,26.0,70.0,15.5,28.985714285714284,12.82857142857143,2.6857142857142855,2.5428571428571427,1.3142857142857143,0.1,1.1285714285714286,3.02841
95,2017.0,Stephen Curry,PG,28.0,79.0,24.6,33.392405063291136,25.303797468354432,6.620253164556962,4.468354430379747,3.0253164556962027,0.21518987341772153,1.8101265822784811,34.68255
96,2017.0,Troy Daniels,SG,25.0,67.0,10.4,17.65671641791045,8.223880597014926,0.6865671641791045,1.492537313432836,0.6716417910447762,0.05970149253731343,0.31343283582089554,3.40852
97,2017.0,Anthony Davis,C,23.0,75.0,27.5,36.10666666666667,27.986666666666668,2.0933333333333333,11.813333333333333,2.4133333333333336,2.2266666666666666,1.2533333333333334,23.775506
98,2017.0,Deyonta Davis,C,20.0,36.0,10.6,6.611111111111111,1.6111111111111112,0.05555555555555555,1.6666666666666667,0.2222222222222222,0.4722222222222222,0.08333333333333333,1.312611
99,2017.0,Ed Davis,PF,27.0,46.0,11.5,17.152173913043477,4.3478260869565215,0.5869565217391305,5.282608695652174,0.8043478260869565,0.4782608695652174,0.32608695652173914,6.352531
100,2017.0,Dewayne Dedmon,C,27.0,76.0,16.0,17.5,5.092105263157895,0.5789473684210527,6.5131578947368425,0.8026315789473685,0.8026315789473685,0.4868421052631579,6.0
101,2017.0,Sam Dekker,SF,22.0,77.0,13.0,18.428571428571427,6.545454545454546,0.987012987012987,3.688311688311688,0.5324675324675324,0.2727272727272727,0.4935064935064935,1.7946
102,2017.0,Malcolm Delaney,PG,27.0,73.0,7.5,17.095890410958905,5.3561643835616435,2.643835616438356,1.6986301369863013,1.3013698630136987,0.0136986301369863,0.5342465753424658,2.5
103,2017.0,Matthew Dellavedova,PG,26.0,76.0,9.4,26.13157894736842,7.592105263157895,4.697368421052632,1.9342105263157894,1.75,0.0,0.6973684210526315,9.6075
104,2017.0,Luol Deng,SF,31.0,56.0,10.1,26.535714285714285,7.589285714285714,1.3214285714285714,5.267857142857143,0.7678571428571429,0.35714285714285715,0.8571428571428571,17.19
105,2017.0,DeMar DeRozan,SG,27.0,74.0,24.0,35.4054054054054,27.2972972972973,3.918918918918919,5.216216216216216,2.4324324324324325,0.17567567567567569,1.054054054054054,27.739975
106,2017.0,Cheick Diallo,PF,20.0,17.0,16.8,11.705882352941176,5.117647058823529,0.23529411764705882,4.294117647058823,0.4117647058823529,0.4117647058823529,0.23529411764705882,1.312611
107,2017.0,Gorgui Dieng,PF,27.0,82.0,14.2,32.353658536585364,9.951219512195122,1.9268292682926829,7.890243902439025,1.3048780487804879,1.1585365853658536,1.0731707317073171,14.11236
108,2017.0,Spencer Dinwiddie,PG,23.0,59.0,12.7,22.610169491525422,7.322033898305085,3.135593220338983,2.7796610169491527,1.11864406779661,0.3898305084745763,0.7457627118644068,1.524305
109,2017.0,Goran Dragic,PG,30.0,73.0,19.7,33.68493150684932,20.315068493150687,5.794520547945205,3.808219178082192,2.904109589041096,0.1780821917808219,1.2191780821917808,17.00045
110,2017.0,Andre Drummond,C,23.0,81.0,20.9,29.74074074074074,13.641975308641975,1.0987654320987654,13.777777777777779,1.876543209876543,1.0987654320987654,1.5308641975308641,23.775506
111,2017.0,Jared Dudley,PF,31.0,64.0,10.6,21.28125,6.78125,1.890625,3.515625,1.125,0.25,0.65625,10.0
112,2017.0,Mike Dunleavy,SF,36.0,53.0,10.1,15.867924528301886,5.188679245283019,0.9433962264150944,2.169811320754717,0.5283018867924528,0.1320754716981132,0.2830188679245283,1.6625
113,2017.0,Kris Dunn,PG,22.0,78.0,8.1,17.08974358974359,3.7564102564102564,2.41025641025641,2.128205128205128,1.141025641025641,0.46153846153846156,1.0,4.04676
114,2017.0,Kevin Durant,SF,28.0,62.0,27.6,33.38709677419355,25.080645161290324,4.838709677419355,8.274193548387096,2.225806451612903,1.596774193548387,1.064516129032258,25.0
115,2017.0,Jarell Eddie,SF,25.0,5.0,9.7,12.4,4.8,0.0,1.4,0.2,0.0,0.2,0.083129
116,2017.0,Jarell Eddie,SF,25.0,5.0,9.7,12.4,4.8,0.0,1.4,0.2,0.0,0.2,0.083129
117,2017.0,Jarell Eddie,SF,25.0,5.0,9.7,12.4,4.8,0.0,1.4,0.2,0.0,0.2,0.017224
118,2017.0,Henry Ellenson,PF,20.0,19.0,7.5,7.684210526315789,3.1578947368421053,0.3684210526315789,2.1578947368421053,0.7368421052631579,0.05263157894736842,0.05263157894736842,1.7808
119,2017.0,Wayne Ellington,SG,29.0,62.0,12.6,24.193548387096776,10.451612903225806,1.1290322580645162,2.1451612903225805,0.4838709677419355,0.06451612903225806,0.5645161290322581,6.27
120,2017.0,Monta Ellis,SG,31.0,74.0,10.0,27.0,8.513513513513514,3.189189189189189,2.7567567567567566,1.8243243243243243,0.36486486486486486,1.0675675675675675,2.2454
121,2017.0,Joel Embiid,C,22.0,31.0,24.1,25.35483870967742,20.225806451612904,2.129032258064516,7.838709677419355,3.774193548387097,2.4516129032258065,0.8709677419354839,6.100266
122,2017.0,James Ennis,SF,26.0,64.0,10.6,23.453125,6.703125,1.0,4.046875,0.921875,0.296875,0.71875,3.02841
123,2017.0,Tyler Ennis,PG,22.0,53.0,11.0,11.09433962264151,4.30188679245283,1.6226415094339623,0.8679245283018868,0.8490566037735849,0.03773584905660377,0.49056603773584906,1.524305
124,2017.0,Tyreke Evans,SF,27.0,40.0,15.5,19.7,10.275,3.1,3.425,1.525,0.225,0.875,3.29
125,2017.0,Dante Exum,PG,21.0,66.0,8.6,18.606060606060606,6.242424242424242,1.696969696969697,2.0,1.2121212121212122,0.18181818181818182,0.3181818181818182,4.992385
126,2017.0,Kenneth Faried,PF,27.0,61.0,20.3,21.24590163934426,9.62295081967213,0.9016393442622951,7.557377049180328,0.9508196721311475,0.6557377049180327,0.7049180327868853,12.921348
127,2017.0,Jordan Farmar,PG,30.0,2.0,14.4,17.5,6.0,4.5,1.5,1.5,0.0,1.0,0.510921
128,2017.0,Derrick Favors,PF,25.0,50.0,15.8,23.72,9.52,1.12,6.1,1.2,0.8,0.9,12.0
129,2017.0,Kay Felder,PG,21.0,42.0,11.2,9.19047619047619,3.9523809523809526,1.380952380952381,0.9761904761904762,0.7380952380952381,0.16666666666666666,0.42857142857142855,1.312611
130,2017.0,Cristiano Felicio,C,24.0,66.0,15.2,15.757575757575758,4.787878787878788,0.6060606060606061,4.712121212121212,0.5,0.24242424242424243,0.3787878787878788,7.8435
131,2017.0,Raymond Felton,PG,32.0,80.0,10.9,21.25,6.725,2.3875,2.7125,1.0375,0.275,0.8375,2.328652
132,2017.0,Yogi Ferrell,PG,23.0,46.0,13.1,26.02173913043478,10.043478260869565,3.739130434782609,2.4130434782608696,1.5217391304347827,0.1956521739130435,0.9130434782608695,1.312611
133,2017.0,Dorian Finney-Smith,PF,23.0,81.0,7.7,20.271604938271604,4.320987654320987,0.8271604938271605,2.728395061728395,0.5555555555555556,0.30864197530864196,0.6419753086419753,1.312611
134,2017.0,Bryn Forbes,SG,23.0,36.0,5.9,7.916666666666667,2.611111111111111,0.6388888888888888,0.6388888888888888,0.3055555555555556,0.0,0.027777777777777776,1.312611
135,2017.0,Evan Fournier,SG,24.0,68.0,13.9,32.85294117647059,17.16176470588235,2.9705882352941178,3.073529411764706,2.073529411764706,0.058823529411764705,0.9705882352941176,17.0
136,2017.0,Tim Frazier,PG,26.0,65.0,12.4,23.46153846153846,7.138461538461539,5.153846153846154,2.6615384615384614,1.5538461538461539,0.09230769230769231,0.8615384615384616,2.0
137,2017.0,Channing Frye,C,33.0,74.0,15.6,18.89189189189189,9.135135135135135,0.6081081081081081,3.918918918918919,0.7162162162162162,0.5,0.44594594594594594,7.420912
138,2017.0,Danilo Gallinari,SF,28.0,63.0,17.4,33.87301587301587,18.174603174603174,2.142857142857143,5.174603174603175,1.2857142857142858,0.23809523809523808,0.6349206349206349,20.559599
139,2017.0,Langston Galloway,PG,25.0,74.0,10.4,20.2027027027027,7.905405405405405,1.2567567567567568,2.108108108108108,0.6216216216216216,0.08108108108108109,0.6216216216216216,6.666667
140,2017.0,Marc Gasol,C,32.0,74.0,20.2,34.2027027027027,19.54054054054054,4.5675675675675675,6.243243243243243,2.2432432432432434,1.337837837837838,0.9054054054054054,22.64235
141,2017.0,Pau Gasol,C,36.0,64.0,20.2,25.421875,12.375,2.34375,7.828125,1.265625,1.09375,0.375,16.0
142,2017.0,Rudy Gay,SF,30.0,30.0,17.9,33.766666666666666,18.733333333333334,2.7333333333333334,6.333333333333333,2.466666666666667,0.8666666666666667,1.4666666666666666,8.406
143,2017.0,Michael Gbinije,SG,24.0,9.0,-2.1,3.5555555555555554,0.4444444444444444,0.2222222222222222,0.3333333333333333,0.0,0.0,0.0,0.5
144,2017.0,Paul George,SF,26.0,75.0,20.2,35.85333333333333,23.666666666666668,3.3466666666666667,6.56,2.9066666666666667,0.36,1.56,19.508958
145,2017.0,Marcus Georges-Hunt,SG,22.0,5.0,10.2,9.6,2.8,0.6,1.8,0.4,0.0,0.2,1.312611
146,2017.0,Taj Gibson,PF,31.0,78.0,15.1,25.5,10.846153846153847,0.9358974358974359,6.230769230769231,1.3461538461538463,0.8461538461538461,0.5384615384615384,14.0
147,2017.0,Manu Ginobili,SG,39.0,69.0,13.9,18.71014492753623,7.492753623188406,2.652173913043478,2.2753623188405796,1.391304347826087,0.2318840579710145,1.1884057971014492,2.5
148,2017.0,Rudy Gobert,C,24.0,81.0,23.3,33.876543209876544,14.037037037037036,1.1975308641975309,12.777777777777779,1.8271604938271604,2.6419753086419755,0.6049382716049383,21.974719
149,2017.0,Aaron Gordon,SF,21.0,80.0,14.4,28.725,12.7375,1.875,5.0625,1.1125,0.5,0.8,5.50442
150,2017.0,Eric Gordon,SG,28.0,75.0,13.1,30.973333333333333,16.226666666666667,2.506666666666667,2.68,1.6133333333333333,0.5333333333333333,0.64,12.94302
151,2017.0,Marcin Gortat,C,32.0,82.0,15.5,31.170731707317074,10.768292682926829,1.475609756097561,10.353658536585366,1.4390243902439024,0.7926829268292683,0.4878048780487805,12.782609
152,2017.0,Treveon Graham,SG,23.0,27.0,10.6,7.0,2.111111111111111,0.2222222222222222,0.8148148148148148,0.1111111111111111,0.037037037037037035,0.2222222222222222,1.312611
153,2017.0,Jerami Grant,SF,22.0,80.0,10.1,19.1375,5.4625,0.575,2.575,0.55,0.9875,0.4125,1.524305
154,2017.0,Jerian Grant,PG,24.0,63.0,13.1,16.317460317460316,5.873015873015873,1.9047619047619047,1.7619047619047619,0.6984126984126984,0.12698412698412698,0.746031746031746,1.71384
155,2017.0,Danny Green,SG,29.0,68.0,10.2,26.573529411764707,7.3088235294117645,1.8235294117647058,3.2941176470588234,1.1176470588235294,0.8529411764705882,1.0441176470588236,10.0
156,2017.0,Draymond Green,PF,26.0,76.0,16.5,32.51315789473684,10.210526315789474,7.0131578947368425,7.881578947368421,2.4210526315789473,1.394736842105263,2.026315789473684,16.4
157,2017.0,Gerald Green,SF,31.0,47.0,12.0,11.446808510638299,5.574468085106383,0.7021276595744681,1.8085106382978724,0.5319148936170213,0.14893617021276595,0.19148936170212766,0.947248
158,2017.0,JaMychal Green,PF,26.0,77.0,13.5,27.285714285714285,8.948051948051948,1.0909090909090908,7.064935064935065,1.2207792207792207,0.44155844155844154,0.5974025974025974,8.533333
159,2017.0,Jeff Green,PF,30.0,69.0,10.5,22.231884057971016,9.246376811594203,1.173913043478261,3.101449275362319,1.0869565217391304,0.18840579710144928,0.5362318840579711,2.116955
160,2017.0,Blake Griffin,PF,27.0,61.0,22.7,34.032786885245905,21.57377049180328,4.918032786885246,8.131147540983607,2.3278688524590163,0.3770491803278688,0.9508196721311475,29.5129
161,2017.0,Justin Hamilton,C,26.0,64.0,13.6,18.390625,6.90625,0.859375,4.09375,0.671875,0.671875,0.453125,1.0
162,2017.0,A.J. Hammons,C,24.0,22.0,8.4,7.409090909090909,2.1818181818181817,0.18181818181818182,1.6363636363636365,0.45454545454545453,0.5909090909090909,0.045454545454545456,1.312611
163,2017.0,Tim Hardaway,SG,24.0,79.0,15.2,27.265822784810126,14.468354430379748,2.3037974683544302,2.8354430379746836,1.3417721518987342,0.189873417721519,0.6962025316455697,16.5
164,2017.0,James Harden,PG,27.0,81.0,27.3,36.382716049382715,29.08641975308642,11.185185185185185,8.135802469135802,5.728395061728395,0.4567901234567901,1.4814814814814814,28.299399
165,2017.0,Maurice Harkless,SF,23.0,77.0,13.2,28.87012987012987,10.03896103896104,1.155844155844156,4.428571428571429,1.103896103896104,0.9090909090909091,1.103896103896104,10.162922
166,2017.0,Montrezl Harrell,C,23.0,58.0,19.2,18.344827586206897,9.086206896551724,1.103448275862069,3.7758620689655173,0.7586206896551724,0.7241379310344828,0.3448275862068966,1.471382
167,2017.0,Devin Harris,PG,33.0,65.0,13.8,16.723076923076924,6.723076923076923,2.0923076923076924,1.9538461538461538,0.8769230769230769,0.1076923076923077,0.6615384615384615,4.402546
168,2017.0,Gary Harris,SG,22.0,57.0,16.5,31.263157894736842,14.929824561403509,2.8771929824561404,3.1228070175438596,1.3333333333333333,0.14035087719298245,1.2456140350877194,2.550055
169,2017.0,Joe Harris,SG,25.0,52.0,9.0,21.884615384615383,8.23076923076923,1.0384615384615385,2.826923076923077,1.0576923076923077,0.15384615384615385,0.5769230769230769,1.524305
170,2017.0,Tobias Harris,PF,24.0,82.0,16.9,31.304878048780488,16.109756097560975,1.7317073170731707,5.073170731707317,1.1585365853658536,0.47560975609756095,0.7317073170731707,16.0
171,2017.0,Andrew Harrison,PG,22.0,72.0,8.7,20.47222222222222,5.902777777777778,2.75,1.8888888888888888,1.1805555555555556,0.2777777777777778,0.75,1.312611
172,2017.0,Udonis Haslem,C,36.0,17.0,8.4,7.647058823529412,1.8235294117647058,0.35294117647058826,2.1176470588235294,0.47058823529411764,0.058823529411764705,0.29411764705882354,2.328652
173,2017.0,Spencer Hawes,PF,28.0,54.0,15.6,14.75925925925926,6.2407407407407405,1.5,3.537037037037037,0.9074074074074074,0.5555555555555556,0.2777777777777778,6.021175
174,2017.0,Gordon Hayward,SF,26.0,73.0,22.2,34.465753424657535,21.931506849315067,3.452054794520548,5.383561643835616,1.917808219178082,0.273972602739726,1.0,29.7279
175,2017.0,Gerald Henderson,SG,29.0,72.0,10.8,23.15277777777778,9.194444444444445,1.5555555555555556,2.5694444444444446,0.8611111111111112,0.20833333333333334,0.5694444444444444,1.0
176,2017.0,John Henson,C,26.0,58.0,15.3,19.362068965517242,6.758620689655173,0.9827586206896551,5.086206896551724,0.9137931034482759,1.3448275862068966,0.5,11.422536
177,2017.0,Juan Hernangomez,PF,21.0,62.0,13.3,13.580645161290322,4.919354838709677,0.46774193548387094,3.0161290322580645,0.5,0.1935483870967742,0.46774193548387094,2.07684
178,2017.0,Willy Hernangomez,C,22.0,72.0,18.9,18.38888888888889,8.152777777777779,1.3333333333333333,6.972222222222222,1.3888888888888888,0.5,0.5694444444444444,1.43575
179,2017.0,Mario Hezonja,SF,21.0,65.0,7.2,14.76923076923077,4.876923076923077,0.9538461538461539,2.246153846153846,0.8923076923076924,0.2153846153846154,0.46153846153846156,4.07832
180,2017.0,Buddy Hield,SG,23.0,82.0,11.8,23.024390243902438,10.560975609756097,1.475609756097561,3.2804878048780486,1.2317073170731707,0.10975609756097561,0.4634146341463415,3.67548
181,2017.0,Nene Hilario,C,34.0,67.0,18.9,17.880597014925375,9.08955223880597,0.9701492537313433,4.1940298507462686,1.0895522388059702,0.5970149253731343,0.835820895522388,3.4776
182,2017.0,George Hill,PG,30.0,49.0,19.3,31.510204081632654,16.918367346938776,4.142857142857143,3.4081632653061225,1.7346938775510203,0.22448979591836735,1.0204081632653061,20.0
183,2017.0,Solomon Hill,SF,25.0,80.0,8.0,29.675,7.0375,1.7625,3.8375,1.025,0.4,0.8875,12.236535
184,2017.0,Jrue Holiday,PG,26.0,67.0,17.1,32.6865671641791,15.35820895522388,7.2835820895522385,3.9402985074626864,2.8955223880597014,0.6417910447761194,1.492537313432836,25.686667
185,2017.0,Justin Holiday,SG,27.0,82.0,12.7,19.98780487804878,7.670731707317073,1.2439024390243902,2.7439024390243905,0.8048780487804879,0.3780487804878049,0.7926829268292683,4.615385
186,2017.0,Rondae Hollis-Jefferson,SF,22.0,78.0,13.7,22.576923076923077,8.653846153846153,1.9743589743589745,5.794871794871795,1.4871794871794872,0.5641025641025641,1.0512820512820513,1.471382
187,2017.0,Richaun Holmes,C,23.0,57.0,18.6,20.92982456140351,9.807017543859649,1.0175438596491229,5.456140350877193,0.9649122807017544,0.9649122807017544,0.7368421052631579,1.471382
188,2017.0,Rodney Hood,SG,24.0,59.0,12.4,27.0,12.677966101694915,1.6271186440677967,3.4237288135593222,1.1016949152542372,0.1864406779661017,0.6440677966101694,2.386864
189,2017.0,Al Horford,C,30.0,68.0,17.7,32.25,14.0,4.955882352941177,6.823529411764706,1.7058823529411764,1.2794117647058822,0.7647058823529411,27.734405
190,2017.0,Dwight Howard,C,31.0,74.0,20.8,29.716216216216218,13.54054054054054,1.4054054054054055,12.702702702702704,2.2972972972972974,1.2432432432432432,0.8648648648648649,23.5
191,2017.0,Josh Huestis,PF,25.0,2.0,26.1,15.5,7.0,1.5,4.5,0.0,1.5,0.0,1.471382
192,2017.0,Serge Ibaka,PF,27.0,79.0,16.4,30.658227848101266,14.848101265822784,0.9493670886075949,6.810126582278481,1.3291139240506329,1.5696202531645569,0.5189873417721519,20.061729
193,2017.0,Andre Iguodala,SF,33.0,76.0,14.4,26.289473684210527,7.552631578947368,3.4473684210526314,4.0,0.7631578947368421,0.5131578947368421,1.0,14.814815
194,2017.0,Ersan Ilyasova,PF,29.0,82.0,14.6,26.121951219512194,13.060975609756097,1.7195121951219512,5.865853658536586,1.4146341463414633,0.2804878048780488,0.7073170731707317,6.0
195,2017.0,Ersan Ilyasova,PF,29.0,82.0,14.6,26.121951219512194,13.060975609756097,1.7195121951219512,5.865853658536586,1.4146341463414633,0.2804878048780488,0.7073170731707317,0.502328
196,2017.0,Joe Ingles,SF,29.0,82.0,12.4,24.048780487804876,7.085365853658536,2.731707317073171,3.1707317073170733,1.3048780487804879,0.0975609756097561,1.170731707317073,14.136364
197,2017.0,Brandon Ingram,SF,19.0,79.0,8.5,28.848101265822784,9.367088607594937,2.1012658227848102,4.012658227848101,1.4683544303797469,0.45569620253164556,0.6329113924050633,5.5194
198,2017.0,Kyrie Irving,PG,24.0,72.0,23.0,35.06944444444444,25.22222222222222,5.805555555555555,3.1944444444444446,2.5,0.3472222222222222,1.1527777777777777,18.868625
199,2017.0,Jarrett Jack,PG,33.0,2.0,7.7,16.5,3.0,2.5,0.0,1.5,0.0,1.0,2.328652
200,2017.0,Demetrius Jackson,PG,22.0,5.0,30.8,3.4,2.0,0.6,0.8,0.0,0.0,0.0,0.092858
201,2017.0,Demetrius Jackson,PG,22.0,5.0,30.8,3.4,2.0,0.6,0.8,0.0,0.0,0.0,0.074159
202,2017.0,Demetrius Jackson,PG,22.0,5.0,30.8,3.4,2.0,0.6,0.8,0.0,0.0,0.0,0.05
203,2017.0,Reggie Jackson,PG,26.0,52.0,14.9,27.384615384615383,14.461538461538462,5.1923076923076925,2.173076923076923,2.1923076923076925,0.09615384615384616,0.6730769230769231,16.0
204,2017.0,LeBron James,SF,32.0,74.0,27.0,37.75675675675676,26.405405405405407,8.72972972972973,8.64864864864865,4.094594594594595,0.5945945945945946,1.2432432432432432,33.285709
205,2017.0,Al Jefferson,C,32.0,66.0,18.9,14.106060606060606,8.106060606060606,0.8636363636363636,4.212121212121212,0.5,0.24242424242424243,0.2878787878787879,9.769821
206,2017.0,Richard Jefferson,SF,36.0,79.0,8.2,20.430379746835442,5.670886075949367,0.9873417721518988,2.5569620253164556,0.6582278481012658,0.12658227848101267,0.3291139240506329,2.5
207,2017.0,Richard Jefferson,SF,36.0,79.0,8.2,20.430379746835442,5.670886075949367,0.9873417721518988,2.5569620253164556,0.6582278481012658,0.12658227848101267,0.3291139240506329,2.328652
208,2017.0,Brandon Jennings,PG,27.0,81.0,12.1,22.246913580246915,7.1234567901234565,4.8765432098765435,2.419753086419753,1.5802469135802468,0.06172839506172839,0.8641975308641975,0.11901
209,2017.0,Jonas Jerebko,PF,29.0,78.0,9.3,15.794871794871796,3.8333333333333335,0.9102564102564102,3.5,0.5,0.21794871794871795,0.3333333333333333,4.0
210,2017.0,Amir Johnson,PF,29.0,80.0,15.0,20.1,6.5,1.75,4.5625,0.9625,0.775,0.65,11.0
211,2017.0,Brice Johnson,PF,22.0,3.0,17.2,3.0,1.3333333333333333,0.3333333333333333,1.0,0.3333333333333333,0.3333333333333333,0.6666666666666666,1.33116
212,2017.0,James Johnson,PF,29.0,76.0,17.0,27.43421052631579,12.828947368421053,3.6315789473684212,4.934210526315789,2.25,1.131578947368421,1.0,13.954
213,2017.0,Joe Johnson,SF,35.0,78.0,12.8,23.628205128205128,9.166666666666666,1.8461538461538463,3.1025641025641026,0.8846153846153846,0.23076923076923078,0.46153846153846156,9.505
214,2017.0,Joe Johnson,SF,35.0,78.0,12.8,23.628205128205128,9.166666666666666,1.8461538461538463,3.1025641025641026,0.8846153846153846,0.23076923076923078,0.46153846153846156,0.749905
215,2017.0,Stanley Johnson,SF,20.0,77.0,7.2,17.805194805194805,4.402597402597403,1.3636363636363635,2.4545454545454546,0.922077922077922,0.3116883116883117,0.7272727272727273,3.0978
216,2017.0,Tyler Johnson,PG,24.0,73.0,15.9,29.835616438356166,13.726027397260275,3.191780821917808,4.013698630136986,1.2328767123287672,0.6027397260273972,1.1506849315068493,5.88126
217,2017.0,Wesley Johnson,SF,29.0,68.0,8.4,11.911764705882353,2.735294117647059,0.3382352941176471,2.661764705882353,0.2647058823529412,0.4411764705882353,0.4264705882352941,5.88126
218,2017.0,Nikola Jokic,C,21.0,73.0,26.4,27.91780821917808,16.726027397260275,4.917808219178082,9.835616438356164,2.3424657534246576,0.7671232876712328,0.8356164383561644,1.471382
219,2017.0,Damian Jones,C,21.0,10.0,5.3,8.5,1.9,0.0,2.3,0.6,0.4,0.1,1.312611
220,2017.0,Derrick Jones,SF,19.0,32.0,12.0,17.03125,5.25,0.375,2.46875,0.40625,0.40625,0.4375,1.312611
221,2017.0,Tyus Jones,PG,20.0,60.0,13.8,12.9,3.4833333333333334,2.6,1.1166666666666667,0.6333333333333333,0.08333333333333333,0.7833333333333333,1.471382
222,2017.0,DeAndre Jordan,C,28.0,81.0,21.8,31.728395061728396,12.703703703703704,1.1851851851851851,13.753086419753087,1.4320987654320987,1.6666666666666667,0.6419753086419753,22.64235
223,2017.0,Cory Joseph,SG,25.0,80.0,13.2,25.0375,9.25,3.3125,2.9375,1.35,0.1625,0.825,7.63
224,2017.0,Frank Kaminsky,C,23.0,75.0,13.0,26.053333333333335,11.653333333333334,2.16,4.48,1.0133333333333334,0.4533333333333333,0.6266666666666667,2.8476
225,2017.0,Enes Kanter,C,24.0,72.0,23.7,21.291666666666668,14.347222222222221,0.9305555555555556,6.694444444444445,1.7083333333333333,0.5277777777777778,0.4444444444444444,20.566802
226,2017.0,Michael Kidd-Gilchrist,SF,23.0,81.0,14.3,29.0,9.17283950617284,1.4074074074074074,6.9753086419753085,0.691358024691358,0.9506172839506173,1.0,13.0
227,2017.0,Sean Kilpatrick,SG,27.0,70.0,13.1,25.057142857142857,13.128571428571428,2.242857142857143,4.0,1.9428571428571428,0.08571428571428572,0.6571428571428571,1.524305
228,2017.0,Sean Kilpatrick,SG,27.0,70.0,13.1,25.057142857142857,13.128571428571428,2.242857142857143,4.0,1.9428571428571428,0.08571428571428572,0.6571428571428571,0.789725
229,2017.0,Sean Kilpatrick,SG,27.0,70.0,13.1,25.057142857142857,13.128571428571428,2.242857142857143,4.0,1.9428571428571428,0.08571428571428572,0.6571428571428571,0.172238
230,2017.0,Brandon Knight,SG,25.0,54.0,12.3,21.11111111111111,11.018518518518519,2.4074074074074074,2.185185185185185,1.6481481481481481,0.09259259259259259,0.5,13.61875
231,2017.0,Kyle Korver,SG,35.0,67.0,12.1,26.16417910447761,10.119402985074627,1.6417910447761195,2.791044776119403,1.0298507462686568,0.31343283582089554,0.5074626865671642,7.0
232,2017.0,Kosta Koufos,C,27.0,71.0,13.8,19.985915492957748,6.619718309859155,0.6619718309859155,5.676056338028169,0.8591549295774648,0.676056338028169,0.5070422535211268,8.393
233,2017.0,Mindaugas Kuzminskas,SF,27.0,68.0,12.4,14.941176470588236,6.25,1.0147058823529411,1.8529411764705883,0.75,0.16176470588235295,0.4264705882352941,3.025035
234,2017.0,Skal Labissiere,PF,20.0,33.0,16.8,18.545454545454547,8.757575757575758,0.8181818181818182,4.909090909090909,1.121212121212121,0.3939393939393939,0.48484848484848486,1.312611
235,2017.0,Jeremy Lamb,SG,24.0,62.0,17.0,18.43548387096774,9.725806451612904,1.2096774193548387,4.258064516129032,0.6451612903225806,0.3709677419354839,0.43548387096774194,7.0
236,2017.0,Joffrey Lauvergne,PF,25.0,70.0,12.6,14.0,5.357142857142857,1.0,3.585714285714286,0.8,0.08571428571428572,0.35714285714285715,1.524305
237,2017.0,Zach LaVine,SG,21.0,47.0,14.6,37.212765957446805,18.914893617021278,2.9574468085106385,3.382978723404255,1.8085106382978724,0.2127659574468085,0.8723404255319149,3.202217
238,2017.0,Jake Layman,SF,22.0,35.0,4.9,7.114285714285714,2.2285714285714286,0.3142857142857143,0.6857142857142857,0.3142857142857143,0.08571428571428572,0.2571428571428571,1.312611
239,2017.0,Courtney Lee,SG,31.0,77.0,12.1,31.935064935064936,10.844155844155845,2.324675324675325,3.3766233766233764,0.8961038961038961,0.2987012987012987,1.051948051948052,11.74789
240,2017.0,Alex Len,C,23.0,77.0,15.0,20.25974025974026,7.961038961038961,0.5714285714285714,6.623376623376624,1.3246753246753247,1.2727272727272727,0.4805194805194805,4.187599
241,2017.0,Kawhi Leonard,SF,25.0,74.0,27.5,33.432432432432435,25.513513513513512,3.5135135135135136,5.8108108108108105,2.081081081081081,0.7432432432432432,1.7837837837837838,18.868625
242,2017.0,Meyers Leonard,PF,24.0,74.0,8.9,16.513513513513512,5.418918918918919,0.9594594594594594,3.189189189189189,0.47297297297297297,0.3783783783783784,0.17567567567567569,9.904495
243,2017.0,Jon Leuer,PF,27.0,75.0,14.2,25.92,10.226666666666667,1.48,5.36,0.88,0.3466666666666667,0.41333333333333333,10.497319
244,2017.0,Caris LeVert,SF,22.0,57.0,12.2,21.70175438596491,8.210526315789474,1.9298245614035088,3.2982456140350878,1.0350877192982457,0.14035087719298245,0.8596491228070176,1.63248
245,2017.0,DeAndre Liggins,SG,28.0,62.0,7.5,12.53225806451613,2.4516129032258065,0.8709677419354839,1.7419354838709677,0.6774193548387096,0.22580645161290322,0.7580645161290323,1.57723
246,2017.0,DeAndre Liggins,SG,28.0,62.0,7.5,12.53225806451613,2.4516129032258065,0.8709677419354839,1.7419354838709677,0.6774193548387096,0.22580645161290322,0.7580645161290323,0.172238
247,2017.0,DeAndre Liggins,SG,28.0,62.0,7.5,12.53225806451613,2.4516129032258065,0.8709677419354839,1.7419354838709677,0.6774193548387096,0.22580645161290322,0.7580645161290323,0.026773
248,2017.0,Damian Lillard,PG,26.0,75.0,24.1,35.92,26.986666666666668,5.8533333333333335,4.906666666666666,2.6266666666666665,0.26666666666666666,0.9066666666666666,26.153057
249,2017.0,Jeremy Lin,PG,28.0,36.0,19.2,24.52777777777778,14.527777777777779,5.111111111111111,3.75,2.388888888888889,0.3888888888888889,1.1388888888888888,12.0
250,2017.0,Shaun Livingston,PG,31.0,76.0,10.1,17.69736842105263,5.118421052631579,1.8289473684210527,1.986842105263158,0.8026315789473685,0.2631578947368421,0.5,7.692308
251,2017.0,Kevon Looney,C,20.0,53.0,13.4,8.433962264150944,2.547169811320755,0.5471698113207547,2.339622641509434,0.32075471698113206,0.32075471698113206,0.2641509433962264,1.471382
252,2017.0,Brook Lopez,C,28.0,75.0,20.4,29.626666666666665,20.52,2.3466666666666667,5.373333333333333,2.453333333333333,1.6533333333333333,0.5066666666666667,22.64235
253,2017.0,Robin Lopez,C,28.0,81.0,14.4,28.037037037037038,10.358024691358025,0.9876543209876543,6.407407407407407,1.1111111111111112,1.4444444444444444,0.2222222222222222,13.7885
254,2017.0,Kevin Love,PF,28.0,60.0,21.1,31.416666666666668,19.033333333333335,1.9333333333333333,11.1,2.033333333333333,0.36666666666666664,0.8833333333333333,22.64235
255,2017.0,Kyle Lowry,PG,30.0,60.0,22.9,37.4,22.4,6.95,4.8,2.8833333333333333,0.31666666666666665,1.4666666666666666,28.703704
256,2017.0,Timothe Luwawu-Cabarrot,SF,21.0,69.0,8.5,17.246376811594203,6.449275362318841,1.0869565217391304,2.1594202898550723,1.0579710144927537,0.14492753623188406,0.463768115942029,1.3866
257,2017.0,Trey Lyles,PF,21.0,71.0,10.0,16.309859154929576,6.197183098591549,0.9859154929577465,3.3098591549295775,0.9014084507042254,0.28169014084507044,0.36619718309859156,2.4414
258,2017.0,Shelvin Mack,PG,26.0,55.0,10.9,21.90909090909091,7.818181818181818,2.8,2.327272727272727,1.6363636363636365,0.05454545454545454,0.7636363636363637,6.0
259,2017.0,Ian Mahinmi,C,30.0,31.0,14.1,17.903225806451612,5.580645161290323,0.6129032258064516,4.838709677419355,1.096774193548387,0.7741935483870968,1.064516129032258,16.661641
260,2017.0,Thon Maker,C,19.0,57.0,14.0,9.859649122807017,3.9649122807017543,0.40350877192982454,2.0,0.2982456140350877,0.45614035087719296,0.17543859649122806,2.68416
261,2017.0,Boban Marjanovic,C,28.0,35.0,29.6,8.371428571428572,5.457142857142857,0.2571428571428571,3.7142857142857144,0.2857142857142857,0.34285714285714286,0.17142857142857143,7.0
262,2017.0,Jarell Martin,PF,22.0,42.0,8.7,13.285714285714286,3.9285714285714284,0.19047619047619047,3.857142857142857,0.6666666666666666,0.21428571428571427,0.40476190476190477,1.471382
263,2017.0,Wesley Matthews,SG,30.0,73.0,11.9,34.178082191780824,13.506849315068493,2.8767123287671232,3.547945205479452,1.3972602739726028,0.2191780821917808,1.0547945205479452,17.884176
264,2017.0,Patrick McCaw,SG,21.0,71.0,8.6,15.126760563380282,3.971830985915493,1.0845070422535212,1.4225352112676057,0.5070422535211268,0.2112676056338028,0.4507042253521127,1.312611
265,2017.0,C.J. McCollum,SG,25.0,80.0,19.9,34.95,22.9625,3.5625,3.6375,2.15,0.525,0.9,23.962573
266,2017.0,T.J. McConnell,PG,24.0,81.0,13.7,26.333333333333332,6.864197530864198,6.592592592592593,3.0987654320987654,1.962962962962963,0.12345679012345678,1.654320987654321,1.471382
267,2017.0,Chris McCullough,PF,21.0,16.0,15.2,5.0,2.25,0.125,1.1875,0.1875,0.125,0.125,1.471382
268,2017.0,K.J. McDaniels,SF,23.0,49.0,11.5,10.306122448979592,4.204081632653061,0.2653061224489796,1.6734693877551021,0.5918367346938775,0.3673469387755102,0.3877551020408163,0.1
269,2017.0,Doug McDermott,SF,25.0,66.0,10.7,22.848484848484848,8.969696969696969,0.8787878787878788,2.712121212121212,0.5757575757575758,0.07575757575757576,0.19696969696969696,3.294994
270,2017.0,JaVale McGee,C,29.0,77.0,25.2,9.597402597402597,6.12987012987013,0.22077922077922077,3.168831168831169,0.5194805194805194,0.8701298701298701,0.24675324675324675,2.116955
271,2017.0,Rodney McGruder,SG,25.0,78.0,9.1,25.205128205128204,6.371794871794871,1.5897435897435896,3.2948717948717947,0.717948717948718,0.23076923076923078,0.5769230769230769,1.312611
272,2017.0,Ben McLemore,SG,23.0,61.0,9.8,19.278688524590162,8.114754098360656,0.8360655737704918,2.1311475409836067,1.0163934426229508,0.09836065573770492,0.47540983606557374,5.2
273,2017.0,Josh McRoberts,PF,29.0,22.0,9.8,17.318181818181817,4.863636363636363,2.272727272727273,3.3636363636363638,1.0454545454545454,0.18181818181818182,0.45454545454545453,6.021175
274,2017.0,Jodie Meeks,SG,29.0,36.0,13.1,20.5,9.083333333333334,1.25,2.138888888888889,1.0,0.1111111111111111,0.9444444444444444,3.29
275,2017.0,Salah Mejri,C,30.0,73.0,14.8,12.397260273972602,2.9178082191780823,0.1917808219178082,4.219178082191781,0.547945205479452,0.8356164383561644,0.4383561643835616,1.471382
276,2017.0,Jordan Mickey,PF,22.0,25.0,9.8,5.64,1.52,0.28,1.36,0.36,0.24,0.12,1.471382
277,2017.0,Khris Middleton,SF,25.0,29.0,15.0,30.655172413793103,14.689655172413794,3.413793103448276,4.241379310344827,2.2413793103448274,0.2413793103448276,1.4137931034482758,14.1
278,2017.0,C.J. Miles,SF,29.0,76.0,13.7,23.36842105263158,10.723684210526315,0.631578947368421,3.013157894736842,0.5263157894736842,0.32894736842105265,0.6052631578947368,7.936509
279,2017.0,Patty Mills,PG,28.0,80.0,15.2,21.925,9.4875,3.5,1.775,1.2625,0.0375,0.8125,10.714286
280,2017.0,Paul Millsap,PF,31.0,69.0,17.8,33.95652173913044,18.057971014492754,3.652173913043478,7.72463768115942,2.289855072463768,0.8985507246376812,1.3043478260869565,31.269231
281,2017.0,Nikola Mirotic,PF,25.0,70.0,14.5,23.985714285714284,10.628571428571428,1.0714285714285714,5.485714285714286,1.1285714285714286,0.8,0.7571428571428571,12.5
282,2017.0,Greg Monroe,C,26.0,81.0,21.1,22.506172839506174,11.74074074074074,2.308641975308642,6.567901234567901,1.728395061728395,0.4691358024691358,1.1358024691358024,17.884176
283,2017.0,Greg Monroe,C,26.0,81.0,21.1,22.506172839506174,11.74074074074074,2.308641975308642,6.567901234567901,1.728395061728395,0.4691358024691358,1.1358024691358024,5.0
284,2017.0,E'Twaun Moore,SG,27.0,73.0,12.1,24.931506849315067,9.58904109589041,2.2465753424657535,2.0821917808219177,0.8493150684931506,0.4383561643835616,0.684931506849315,8.445024
285,2017.0,Marcus Morris,SF,27.0,79.0,12.4,32.46835443037975,13.987341772151899,2.0253164556962027,4.632911392405063,1.1012658227848102,0.31645569620253167,0.6582278481012658,5.0
286,2017.0,Markieff Morris,PF,27.0,76.0,13.7,31.236842105263158,13.986842105263158,1.6578947368421053,6.473684210526316,1.6973684210526316,0.5526315789473685,1.0789473684210527,8.0
287,2017.0,Timofey Mozgov,C,30.0,54.0,12.3,20.444444444444443,7.425925925925926,0.7962962962962963,4.888888888888889,1.3333333333333333,0.5740740740740741,0.2962962962962963,15.28
288,2017.0,Emmanuel Mudiay,PG,20.0,55.0,10.9,25.563636363636363,10.963636363636363,3.9454545454545453,3.2363636363636363,2.2363636363636363,0.23636363636363636,0.7454545454545455,3.38148
289,2017.0,Shabazz Muhammad,SF,24.0,78.0,14.9,19.435897435897434,9.897435897435898,0.44871794871794873,2.8205128205128207,0.717948717948718,0.07692307692307693,0.28205128205128205,1.57723
290,2017.0,Dejounte Murray,PG,20.0,38.0,9.6,8.473684210526315,3.4210526315789473,1.263157894736842,1.105263157894737,1.0,0.15789473684210525,0.21052631578947367,1.312611
291,2017.0,Jamal Murray,SG,19.0,82.0,11.9,21.51219512195122,9.890243902439025,2.073170731707317,2.6097560975609757,1.3780487804878048,0.2926829268292683,0.6341463414634146,3.35532
292,2017.0,Mike Muscala,C,25.0,70.0,14.4,17.67142857142857,6.214285714285714,1.3571428571428572,3.4285714285714284,0.7857142857142857,0.5857142857142857,0.42857142857142855,5.0
293,2017.0,Larry Nance,PF,24.0,63.0,15.8,22.88888888888889,7.126984126984127,1.5238095238095237,5.857142857142857,0.8888888888888888,0.6349206349206349,1.3015873015873016,1.471382
294,2017.0,Shabazz Napier,PG,25.0,53.0,13.6,9.660377358490566,4.113207547169812,1.2641509433962264,1.150943396226415,0.7735849056603774,0.03773584905660377,0.6037735849056604,2.36136
295,2017.0,Jameer Nelson,PG,34.0,75.0,11.4,27.266666666666666,9.16,5.133333333333334,2.56,1.72,0.10666666666666667,0.7066666666666667,4.73605
296,2017.0,Jameer Nelson,PG,34.0,75.0,11.4,27.266666666666666,9.16,5.133333333333334,2.56,1.72,0.10666666666666667,0.7066666666666667,2.262871
297,2017.0,Raul Neto,PG,24.0,40.0,10.7,8.65,2.5,0.85,0.75,0.375,0.125,0.525,1.471382
298,2017.0,Georges Niang,PF,23.0,23.0,0.1,4.043478260869565,0.9130434782608695,0.21739130434782608,0.7391304347826086,0.21739130434782608,0.0,0.13043478260869565,0.1
299,2017.0,Andrew Nicholson,PF,27.0,38.0,5.9,9.0,2.6315789473684212,0.2631578947368421,1.605263157894737,0.4473684210526316,0.15789473684210525,0.42105263157894735,2.844429
300,2017.0,Joakim Noah,C,31.0,46.0,15.2,22.065217391304348,5.043478260869565,2.239130434782609,8.73913043478261,1.2608695652173914,0.8043478260869565,0.6521739130434783,17.765
301,2017.0,Nerlens Noel,C,22.0,51.0,20.4,20.529411764705884,8.72549019607843,0.9803921568627451,5.764705882352941,1.0,1.0,1.2745098039215685,4.187599
302,2017.0,Lucas Nogueira,C,24.0,57.0,15.5,19.087719298245613,4.43859649122807,0.7368421052631579,4.2631578947368425,0.8070175438596491,1.5789473684210527,0.9122807017543859,2.947305
303,2017.0,Dirk Nowitzki,PF,38.0,54.0,17.0,26.37037037037037,14.24074074074074,1.5185185185185186,6.537037037037037,0.9444444444444444,0.7037037037037037,0.5555555555555556,5.0
304,2017.0,Jusuf Nurkic,C,22.0,65.0,17.5,21.4,10.184615384615384,1.8923076923076922,7.184615384615385,2.2,1.1384615384615384,0.7692307692307693,2.947305
305,2017.0,David Nwaba,SG,24.0,20.0,12.1,19.85,6.0,0.7,3.1,0.55,0.35,0.65,1.312611
306,2017.0,Johnny O'Bryant,PF,23.0,11.0,14.9,7.2727272727272725,3.4545454545454546,0.5454545454545454,1.7272727272727273,0.5454545454545454,0.09090909090909091,0.0,1.524305
307,2017.0,Kyle O'Quinn,C,26.0,79.0,20.5,15.556962025316455,6.2784810126582276,1.481012658227848,5.556962025316456,0.9620253164556962,1.3164556962025316,0.45569620253164556,4.0875
308,2017.0,Daniel Ochefu,C,23.0,19.0,6.6,3.9473684210526314,1.263157894736842,0.15789473684210525,1.1578947368421053,0.15789473684210525,0.0,0.10526315789473684,0.05
309,2017.0,Jahlil Okafor,C,21.0,50.0,14.8,22.68,11.8,1.16,4.8,1.82,0.98,0.4,4.99512
310,2017.0,Victor Oladipo,SG,24.0,67.0,13.6,33.16417910447761,15.925373134328359,2.626865671641791,4.343283582089552,1.7761194029850746,0.31343283582089554,1.164179104477612,21.0
311,2017.0,Kelly Olynyk,C,25.0,75.0,15.2,20.506666666666668,9.04,1.9733333333333334,4.8,1.28,0.38666666666666666,0.5733333333333334,10.607169
312,2017.0,Chinanu Onuaku,C,20.0,5.0,12.3,10.4,2.8,0.6,2.0,0.8,0.2,0.6,1.312611
313,2017.0,Kelly Oubre,SF,21.0,79.0,9.1,20.31645569620253,6.341772151898734,0.5949367088607594,3.2911392405063293,0.620253164556962,0.21518987341772153,0.7341772151898734,2.09304
314,2017.0,Zaza Pachulia,C,32.0,70.0,16.1,18.114285714285714,6.085714285714285,1.8857142857142857,5.857142857142857,1.2571428571428571,0.4714285714285714,0.8428571428571429,3.4776
315,2017.0,Georgios Papagiannis,C,19.0,22.0,12.7,16.136363636363637,5.636363636363637,0.9090909090909091,3.909090909090909,1.0909090909090908,0.7727272727272727,0.13636363636363635,2.30136
316,2017.0,Georgios Papagiannis,C,19.0,22.0,12.7,16.136363636363637,5.636363636363637,0.9090909090909091,3.909090909090909,1.0909090909090908,0.7727272727272727,0.13636363636363635,0.074159
317,2017.0,Jabari Parker,PF,21.0,51.0,19.1,33.88235294117647,20.098039215686274,2.784313725490196,6.1568627450980395,1.803921568627451,0.43137254901960786,1.0,6.782392
318,2017.0,Tony Parker,PG,34.0,63.0,13.0,25.19047619047619,10.126984126984127,4.523809523809524,1.7936507936507937,1.4126984126984128,0.031746031746031744,0.5238095238095238,15.453126
319,2017.0,Chandler Parsons,SF,28.0,34.0,7.6,19.852941176470587,6.176470588235294,1.6176470588235294,2.4705882352941178,0.7058823529411765,0.14705882352941177,0.5882352941176471,23.112004
320,2017.0,Patrick Patterson,PF,27.0,65.0,10.8,24.6,6.846153846153846,1.1692307692307693,4.476923076923077,0.5846153846153846,0.35384615384615387,0.6153846153846154,5.192
321,2017.0,Chris Paul,PG,31.0,61.0,26.2,31.491803278688526,18.098360655737704,9.229508196721312,4.983606557377049,2.4098360655737703,0.13114754098360656,1.9344262295081966,24.599495
322,2017.0,Cameron Payne,PG,22.0,31.0,5.6,14.903225806451612,5.161290322580645,1.7741935483870968,1.5483870967741935,0.9354838709677419,0.16129032258064516,0.45161290322580644,2.20344
323,2017.0,Elfrid Payton,PG,22.0,82.0,17.2,29.414634146341463,12.75609756097561,6.451219512195122,4.719512195121951,2.1707317073170733,0.4878048780487805,1.0731707317073171,3.33234
324,2017.0,Gary Payton,PG,24.0,6.0,4.5,16.5,3.3333333333333335,2.1666666666666665,2.0,1.6666666666666667,0.6666666666666666,0.5,0.05
325,2017.0,Paul Pierce,SF,39.0,25.0,5.7,11.08,3.24,0.4,1.92,0.64,0.2,0.16,1.09608
326,2017.0,Marshall Plumlee,C,24.0,21.0,10.9,8.095238095238095,1.9047619047619047,0.47619047619047616,2.4285714285714284,0.5714285714285714,0.19047619047619047,0.19047619047619047,0.1
327,2017.0,Mason Plumlee,C,26.0,81.0,18.1,26.51851851851852,10.395061728395062,3.506172839506173,7.481481481481482,1.6666666666666667,1.1358024691358024,0.8518518518518519,14.041096
328,2017.0,Miles Plumlee,C,28.0,45.0,8.4,10.755555555555556,2.511111111111111,0.4666666666666667,2.111111111111111,0.6666666666666666,0.28888888888888886,0.4,12.5
329,2017.0,Jakob Poeltl,C,21.0,54.0,12.2,11.592592592592593,3.0555555555555554,0.2222222222222222,3.0555555555555554,0.5370370370370371,0.37037037037037035,0.3148148148148148,2.82564
330,2017.0,Otto Porter,SF,23.0,80.0,17.3,32.5625,13.4375,1.5125,6.4375,0.5375,0.5125,1.45,24.77325
331,2017.0,Bobby Portis,PF,21.0,64.0,14.9,15.625,6.828125,0.546875,4.625,0.578125,0.171875,0.25,1.51632
332,2017.0,Kristaps Porzingis,PF,21.0,66.0,17.4,32.78787878787879,18.12121212121212,1.4696969696969697,7.196969696969697,1.7878787878787878,1.9696969696969697,0.7121212121212122,4.5036
333,2017.0,Dwight Powell,C,25.0,77.0,17.6,17.31168831168831,6.701298701298701,0.6363636363636364,3.9740259740259742,0.44155844155844154,0.5064935064935064,0.7922077922077922,9.003125
334,2017.0,Norman Powell,SG,23.0,76.0,14.0,18.0,8.368421052631579,1.0789473684210527,2.210526315789474,0.9210526315789473,0.18421052631578946,0.6710526315789473,1.471382
335,2017.0,Alex Poythress,PF,23.0,6.0,13.2,26.166666666666668,10.666666666666666,0.8333333333333334,4.833333333333333,0.5,0.3333333333333333,0.5,0.778668
336,2017.0,Ronnie Price,PG,33.0,14.0,5.9,9.571428571428571,1.0,1.2857142857142858,0.7857142857142857,0.21428571428571427,0.07142857142857142,0.7857142857142857,2.442455
337,2017.0,Chasson Randle,PG,23.0,26.0,13.6,11.5,5.269230769230769,1.3076923076923077,1.2307692307692308,0.7307692307692307,0.07692307692307693,0.34615384615384615,1.312611
338,2017.0,Julius Randle,PF,22.0,74.0,16.3,28.81081081081081,13.175675675675675,3.5675675675675675,8.594594594594595,2.3378378378378377,0.5,0.6621621621621622,4.149242
339,2017.0,Zach Randolph,PF,35.0,73.0,18.5,24.465753424657535,14.082191780821917,1.6712328767123288,8.191780821917808,1.356164383561644,0.136986301369863,0.5205479452054794,12.307692
340,2017.0,J.J. Redick,SG,32.0,78.0,14.8,28.17948717948718,15.038461538461538,1.4102564102564104,2.1923076923076925,1.2564102564102564,0.16666666666666666,0.7051282051282052,23.0
341,2017.0,Willie Reed,C,26.0,71.0,17.1,14.52112676056338,5.267605633802817,0.36619718309859156,4.676056338028169,0.43661971830985913,0.6619718309859155,0.2535211267605634,1.57723
342,2017.0,Josh Richardson,SG,23.0,53.0,10.7,30.452830188679247,10.169811320754716,2.641509433962264,3.169811320754717,1.2264150943396226,0.7358490566037735,1.1320754716981132,1.471382
343,2017.0,Malachi Richardson,SG,21.0,22.0,9.6,9.0,3.590909090909091,0.5,1.0454545454545454,0.36363636363636365,0.045454545454545456,0.22727272727272727,1.50456
344,2017.0,Austin Rivers,SG,24.0,74.0,11.4,27.756756756756758,12.013513513513514,2.7567567567567566,2.175675675675676,1.554054054054054,0.13513513513513514,0.6486486486486487,11.825
345,2017.0,Andre Roberson,SF,25.0,79.0,9.6,30.075949367088608,6.6075949367088604,1.0,5.0886075949367084,0.6455696202531646,1.0,1.1898734177215189,9.259259
346,2017.0,Glenn Robinson,SF,23.0,69.0,11.5,20.666666666666668,6.072463768115942,0.6811594202898551,3.550724637681159,0.5362318840579711,0.2898550724637681,0.5942028985507246,1.524305
347,2017.0,Rajon Rondo,PG,30.0,69.0,13.6,26.71014492753623,7.797101449275362,6.681159420289855,5.144927536231884,2.4347826086956523,0.15942028985507245,1.434782608695652,3.3
348,2017.0,Rajon Rondo,PG,30.0,69.0,13.6,26.71014492753623,7.797101449275362,6.681159420289855,5.144927536231884,2.4347826086956523,0.15942028985507245,1.434782608695652,3.0
349,2017.0,Derrick Rose,PG,28.0,64.0,17.0,32.53125,18.03125,4.421875,3.84375,2.296875,0.265625,0.6875,2.116955
350,2017.0,Terrence Ross,SF,25.0,78.0,13.4,25.064102564102566,11.0,1.1282051282051282,2.6538461538461537,0.8717948717948718,0.4230769230769231,1.1282051282051282,10.5
351,2017.0,Terry Rozier,PG,22.0,74.0,10.8,17.06756756756757,5.54054054054054,1.7702702702702702,3.0675675675675675,0.6351351351351351,0.14864864864864866,0.6081081081081081,1.98852
352,2017.0,Ricky Rubio,PG,26.0,75.0,16.8,32.92,11.146666666666667,9.093333333333334,4.066666666666666,2.6,0.13333333333333333,1.7066666666666668,14.275
353,2017.0,Brandon Rush,SG,31.0,47.0,6.6,21.914893617021278,4.191489361702128,0.9574468085106383,2.106382978723404,0.5957446808510638,0.48936170212765956,0.46808510638297873,0.119602
354,2017.0,D'Angelo Russell,PG,20.0,63.0,15.3,28.746031746031747,15.619047619047619,4.809523809523809,3.5238095238095237,2.7936507936507935,0.25396825396825395,1.380952380952381,5.56236
355,2017.0,Domantas Sabonis,PF,20.0,81.0,6.9,20.14814814814815,5.91358024691358,1.0123456790123457,3.54320987654321,1.0246913580246915,0.3950617283950617,0.48148148148148145,2.55
356,2017.0,Larry Sanders,C,28.0,5.0,6.5,2.6,0.8,0.0,0.8,0.4,0.2,0.2,1.865547
357,2017.0,Dario Saric,PF,22.0,81.0,12.8,26.28395061728395,12.839506172839506,2.246913580246914,6.333333333333333,2.259259259259259,0.37037037037037035,0.7037037037037037,2.42256
358,2017.0,Tomas Satoransky,SG,25.0,57.0,8.5,12.614035087719298,2.7017543859649122,1.6140350877192982,1.456140350877193,0.6666666666666666,0.10526315789473684,0.45614035087719296,3.0
359,2017.0,Dennis Schroder,PG,23.0,79.0,16.1,31.455696202531644,17.89873417721519,6.3164556962025316,3.1392405063291138,3.2658227848101267,0.20253164556962025,0.9367088607594937,15.5
360,2017.0,Mike Scott,PF,28.0,18.0,5.9,10.833333333333334,2.5,0.9444444444444444,2.0555555555555554,0.4444444444444444,0.16666666666666666,0.2222222222222222,1.709538
361,2017.0,Thabo Sefolosha,SF,32.0,62.0,11.9,25.741935483870968,7.161290322580645,1.7258064516129032,4.354838709677419,0.9354838709677419,0.5,1.5483870967741935,5.25
362,2017.0,Wayne Selden,SG,22.0,14.0,6.9,16.857142857142858,5.071428571428571,0.9285714285714286,1.1428571428571428,0.8571428571428571,0.07142857142857142,0.42857142857142855,1.312611
363,2017.0,Ramon Sessions,PG,30.0,50.0,12.3,16.22,6.24,2.58,1.46,0.92,0.06,0.52,2.328652
364,2017.0,Ramon Sessions,PG,30.0,50.0,12.3,16.22,6.24,2.58,1.46,0.92,0.06,0.52,0.263124
365,2017.0,Iman Shumpert,SG,26.0,76.0,9.0,25.486842105263158,7.4605263157894735,1.4342105263157894,2.8815789473684212,1.0263157894736843,0.35526315789473684,0.8157894736842105,10.337079
366,2017.0,Pascal Siakam,PF,22.0,55.0,11.5,15.618181818181819,4.163636363636364,0.3090909090909091,3.3636363636363638,0.6,0.8181818181818182,0.4727272727272727,1.312611
367,2017.0,Jonathon Simmons,SG,27.0,78.0,9.9,17.846153846153847,6.1923076923076925,1.6153846153846154,2.051282051282051,0.9743589743589743,0.32051282051282054,0.6025641025641025,6.3
368,2017.0,Kyle Singler,SF,28.0,32.0,5.9,12.03125,2.75,0.28125,1.5,0.34375,0.15625,0.21875,4.6665
369,2017.0,Marcus Smart,SG,22.0,79.0,12.0,30.367088607594937,10.569620253164556,4.6075949367088604,3.8734177215189876,2.0126582278481013,0.43037974683544306,1.5822784810126582,4.53802
370,2017.0,Ish Smith,PG,28.0,81.0,14.7,24.135802469135804,9.358024691358025,5.160493827160494,2.9012345679012346,1.382716049382716,0.4074074074074074,0.7530864197530864,6.0
371,2017.0,J.R. Smith,SG,31.0,41.0,8.1,28.951219512195124,8.560975609756097,1.5121951219512195,2.7560975609756095,0.6341463414634146,0.2682926829268293,0.975609756097561,13.76
372,2017.0,Jason Smith,C,30.0,74.0,13.6,14.432432432432432,5.675675675675675,0.5,3.4864864864864864,0.7837837837837838,0.7432432432432432,0.28378378378378377,5.225
373,2017.0,Tony Snell,SG,25.0,80.0,9.7,29.2,8.5375,1.2,3.1,0.6875,0.175,0.675,9.821429
374,2017.0,Marreese Speights,C,29.0,82.0,17.6,15.682926829268293,8.670731707317072,0.8048780487804879,4.548780487804878,0.8414634146341463,0.5,0.2804878048780488,2.116955
375,2017.0,Nik Stauskas,SG,23.0,80.0,9.0,27.35,9.45,2.35,2.825,1.6,0.4,0.5625,3.807146
376,2017.0,Lance Stephenson,SG,26.0,18.0,9.6,20.055555555555557,6.777777777777778,3.2777777777777777,2.888888888888889,1.4444444444444444,0.16666666666666666,0.2777777777777778,4.18
377,2017.0,Diamond Stone,C,19.0,7.0,-1.2,3.4285714285714284,1.4285714285714286,0.0,0.8571428571428571,0.2857142857142857,0.14285714285714285,0.0,1.312611
378,2017.0,Diamond Stone,C,19.0,7.0,-1.2,3.4285714285714284,1.4285714285714286,0.0,0.8571428571428571,0.2857142857142857,0.14285714285714285,0.0,0.05
379,2017.0,Isaiah Taylor,PG,22.0,4.0,0.3,13.0,0.75,0.75,0.75,0.0,0.25,0.25,1.312611
380,2017.0,Jeff Teague,PG,28.0,82.0,19.2,32.40243902439025,15.292682926829269,7.7926829268292686,4.036585365853658,2.6341463414634148,0.3902439024390244,1.2195121951219512,19.0
381,2017.0,Mirza Teletovic,PF,31.0,70.0,8.8,16.185714285714287,6.442857142857143,0.6857142857142857,2.3142857142857145,0.5285714285714286,0.18571428571428572,0.17142857142857143,10.5
382,2017.0,Garrett Temple,SG,30.0,65.0,11.2,26.584615384615386,7.7846153846153845,2.6,2.8153846153846156,1.2,0.4307692307692308,1.2923076923076924,8.0
383,2017.0,Jason Terry,SG,39.0,74.0,9.0,18.445945945945947,4.148648648648648,1.3243243243243243,1.4324324324324325,0.4864864864864865,0.2702702702702703,0.6081081081081081,2.328652
384,2017.0,Isaiah Thomas,PG,27.0,76.0,26.5,33.80263157894737,28.93421052631579,5.907894736842105,2.6973684210526314,2.763157894736842,0.17105263157894737,0.9210526315789473,6.261395
385,2017.0,Lance Thomas,PF,28.0,46.0,8.4,21.043478260869566,5.978260869565218,0.7608695652173914,3.0869565217391304,0.5434782608695652,0.10869565217391304,0.45652173913043476,6.655325
386,2017.0,Klay Thompson,SG,26.0,78.0,17.4,33.96153846153846,22.333333333333332,2.051282051282051,3.6538461538461537,1.641025641025641,0.5128205128205128,0.8461538461538461,17.82615
387,2017.0,Tristan Thompson,C,25.0,78.0,15.3,29.94871794871795,8.076923076923077,0.9871794871794872,9.179487179487179,0.8205128205128205,1.0769230769230769,0.5,16.4
388,2017.0,Marcus Thornton,SG,29.0,33.0,10.4,17.424242424242426,6.636363636363637,1.2424242424242424,2.303030303030303,0.7575757575757576,0.09090909090909091,0.5757575757575758,0.04608
389,2017.0,Anthony Tolliver,PF,31.0,65.0,11.1,22.723076923076924,7.092307692307692,1.1846153846153846,3.6769230769230767,0.8615384615384616,0.3076923076923077,0.5076923076923077,3.29
390,2017.0,Anthony Tolliver,PF,31.0,65.0,11.1,22.723076923076924,7.092307692307692,1.1846153846153846,3.6769230769230767,0.8615384615384616,0.3076923076923077,0.5076923076923077,2.0
391,2017.0,Axel Toupane,SF,24.0,4.0,6.2,11.75,2.75,0.0,0.25,0.0,0.25,0.25,0.025
392,2017.0,Karl-Anthony Towns,C,21.0,82.0,26.0,36.951219512195124,25.134146341463413,2.682926829268293,12.28048780487805,2.5853658536585367,1.2560975609756098,0.6951219512195121,6.21684
393,2017.0,P.J. Tucker,SF,31.0,81.0,10.5,27.604938271604937,6.666666666666667,1.2222222222222223,5.827160493827161,0.8148148148148148,0.2345679012345679,1.4320987654320987,7.590035
394,2017.0,Evan Turner,SF,28.0,65.0,11.4,25.50769230769231,9.015384615384615,3.1538461538461537,3.8,1.5384615384615385,0.36923076923076925,0.8153846153846154,17.131148
395,2017.0,Myles Turner,C,20.0,81.0,18.5,31.37037037037037,14.481481481481481,1.308641975308642,7.246913580246914,1.2962962962962963,2.1358024691358026,0.9135802469135802,2.56992
396,2017.0,Beno Udrih,PG,34.0,39.0,16.1,14.35897435897436,5.82051282051282,3.358974358974359,1.4615384615384615,0.9487179487179487,0.0,0.3333333333333333,0.025
397,2017.0,Tyler Ulis,PG,21.0,61.0,13.0,18.40983606557377,7.278688524590164,3.7049180327868854,1.5573770491803278,1.2622950819672132,0.08196721311475409,0.7868852459016393,1.312611
398,2017.0,Jonas Valanciunas,C,24.0,80.0,20.1,25.825,11.9875,0.7125,9.4875,1.325,0.7875,0.4625,15.460675
399,2017.0,Denzel Valentine,SG,23.0,57.0,7.3,17.12280701754386,5.105263157894737,1.105263157894737,2.6491228070175437,0.8596491228070176,0.12280701754385964,0.5263157894736842,2.1864
400,2017.0,Fred VanVleet,PG,22.0,37.0,10.5,7.945945945945946,2.891891891891892,0.9459459459459459,1.135135135135135,0.40540540540540543,0.05405405405405406,0.4594594594594595,1.312611
401,2017.0,Anderson Varejao,C,34.0,14.0,9.4,6.571428571428571,1.2857142857142858,0.7142857142857143,1.9285714285714286,0.5714285714285714,0.21428571428571427,0.21428571428571427,1.913345
402,2017.0,Rashad Vaughn,SG,20.0,41.0,7.8,11.170731707317072,3.4634146341463414,0.5609756097560976,1.1951219512195121,0.34146341463414637,0.24390243902439024,0.4634146341463415,1.88904
403,2017.0,Rashad Vaughn,SG,20.0,41.0,7.8,11.170731707317072,3.4634146341463414,0.5609756097560976,1.1951219512195121,0.34146341463414637,0.24390243902439024,0.4634146341463415,0.166258
404,2017.0,Noah Vonleh,PF,21.0,74.0,10.8,17.094594594594593,4.418918918918919,0.4189189189189189,5.22972972972973,0.8648648648648649,0.36486486486486486,0.40540540540540543,3.505233
405,2017.0,Nikola Vucevic,C,26.0,75.0,19.1,28.84,14.613333333333333,2.7733333333333334,10.386666666666667,1.56,0.9866666666666667,1.0266666666666666,12.25
406,2017.0,Dwyane Wade,SG,35.0,60.0,18.5,29.866666666666667,18.266666666666666,3.816666666666667,4.516666666666667,2.3,0.6833333333333333,1.4333333333333333,15.55
407,2017.0,Dwyane Wade,SG,35.0,60.0,18.5,29.866666666666667,18.266666666666666,3.816666666666667,4.516666666666667,2.3,0.6833333333333333,1.4333333333333333,2.328652
408,2017.0,Dion Waiters,SG,25.0,46.0,14.5,30.08695652173913,15.847826086956522,4.3478260869565215,3.347826086956522,2.239130434782609,0.43478260869565216,0.8913043478260869,11.0
409,2017.0,Kemba Walker,PG,26.0,79.0,21.3,34.67088607594937,23.164556962025316,5.506329113924051,3.8987341772151898,2.1265822784810124,0.27848101265822783,1.0759493670886076,12.0
410,2017.0,John Wall,PG,26.0,78.0,23.2,36.35897435897436,23.141025641025642,10.653846153846153,4.17948717948718,4.141025641025641,0.6282051282051282,2.0128205128205128,18.06385
411,2017.0,Taurean Waller-Prince,SF,22.0,59.0,9.8,16.627118644067796,5.677966101694915,0.9322033898305084,2.6610169491525424,1.0338983050847457,0.4576271186440678,0.7288135593220338,2.42256
412,2017.0,T.J. Warren,SF,23.0,66.0,15.6,31.03030303030303,14.409090909090908,1.1363636363636365,5.136363636363637,0.8636363636363636,0.5909090909090909,1.1515151515151516,3.152931
413,2017.0,C.J. Watson,PG,32.0,62.0,9.3,16.322580645161292,4.532258064516129,1.8387096774193548,1.435483870967742,0.7580645161290323,0.03225806451612903,0.6935483870967742,0.333334
414,2017.0,Briante Weber,PG,24.0,20.0,11.0,10.25,3.1,1.05,1.3,0.4,0.05,0.6,0.083129
415,2017.0,Briante Weber,PG,24.0,20.0,11.0,10.25,3.1,1.05,1.3,0.4,0.05,0.6,0.05
416,2017.0,Briante Weber,PG,24.0,20.0,11.0,10.25,3.1,1.05,1.3,0.4,0.05,0.6,0.05
417,2017.0,David West,C,36.0,68.0,16.6,12.558823529411764,4.647058823529412,2.2205882352941178,2.985294117647059,1.1470588235294117,0.7058823529411765,0.6176470588235294,2.328652
418,2017.0,Russell Westbrook,PG,28.0,81.0,30.6,34.592592592592595,31.580246913580247,10.37037037037037,10.666666666666666,5.407407407407407,0.38271604938271603,1.6419753086419753,28.530608
419,2017.0,Okaro White,PF,24.0,35.0,7.5,13.457142857142857,2.8,0.6,2.342857142857143,0.5142857142857142,0.2857142857142857,0.2857142857142857,1.312611
420,2017.0,Isaiah Whitehead,PG,21.0,73.0,7.5,22.506849315068493,7.438356164383562,2.6301369863013697,2.5205479452054793,1.9452054794520548,0.4931506849315068,0.5753424657534246,1.312611
421,2017.0,Hassan Whiteside,C,27.0,77.0,22.6,32.63636363636363,17.0,0.7402597402597403,14.12987012987013,2.0,2.090909090909091,0.7272727272727273,23.775506
422,2017.0,Andrew Wiggins,SF,21.0,82.0,16.5,37.170731707317074,23.573170731707318,2.3048780487804876,4.012195121951219,2.2804878048780486,0.36585365853658536,1.0,7.574322
423,2017.0,Alan Williams,C,24.0,47.0,19.5,15.063829787234043,7.361702127659575,0.48936170212765956,6.212765957446808,0.7872340425531915,0.6808510638297872,0.574468085106383,6.0
424,2017.0,Deron Williams,PG,32.0,64.0,14.0,25.890625,10.953125,5.625,2.296875,2.15625,0.125,0.484375,5.5
425,2017.0,Derrick Williams,PF,25.0,50.0,10.6,16.08,6.08,0.56,2.6,0.56,0.14,0.28,0.104059
426,2017.0,Lou Williams,SG,30.0,81.0,21.4,24.617283950617285,17.54320987654321,2.950617283950617,2.493827160493827,1.9753086419753085,0.2345679012345679,0.9876543209876543,7.0
427,2017.0,Marvin Williams,PF,30.0,76.0,13.7,30.19736842105263,11.171052631578947,1.394736842105263,6.552631578947368,0.7894736842105263,0.6973684210526315,0.7631578947368421,13.16875
428,2017.0,Troy Williams,SF,22.0,30.0,8.9,18.566666666666666,6.166666666666667,0.8333333333333334,2.3,1.1,0.3333333333333333,0.9,1.471382
429,2017.0,Troy Williams,SF,22.0,30.0,8.9,18.566666666666666,6.166666666666667,0.8333333333333334,2.3,1.1,0.3333333333333333,0.9,0.148318
430,2017.0,Justise Winslow,SF,20.0,18.0,8.2,34.72222222222222,10.88888888888889,3.6666666666666665,5.222222222222222,1.8333333333333333,0.3333333333333333,1.5,2.70504
431,2017.0,Jeff Withey,C,26.0,51.0,18.8,8.470588235294118,2.8627450980392157,0.13725490196078433,2.372549019607843,0.27450980392156865,0.6274509803921569,0.3137254901960784,1.57732
432,2017.0,Brandan Wright,PF,29.0,28.0,18.5,15.964285714285714,6.75,0.5357142857142857,2.7857142857142856,0.35714285714285715,0.7142857142857143,0.39285714285714285,5.17976
433,2017.0,Delon Wright,PG,24.0,27.0,15.0,16.51851851851852,5.555555555555555,2.111111111111111,1.7777777777777777,0.9259259259259259,0.4074074074074074,1.0,1.6452
434,2017.0,Joe Young,PG,24.0,33.0,11.4,4.090909090909091,2.0606060606060606,0.45454545454545453,0.5151515151515151,0.15151515151515152,0.0,0.12121212121212122,1.471382
435,2017.0,Nick Young,SG,31.0,60.0,14.1,25.933333333333334,13.183333333333334,0.9666666666666667,2.283333333333333,0.6,0.23333333333333334,0.6166666666666667,5.192
436,2017.0,Thaddeus Young,PF,28.0,74.0,14.9,30.22972972972973,11.0,1.6486486486486487,6.0675675675675675,1.2972972972972974,0.40540540540540543,1.5405405405405406,14.796348
437,2017.0,Cody Zeller,PF,24.0,62.0,16.7,27.822580645161292,10.306451612903226,1.596774193548387,6.532258064516129,1.0483870967741935,0.9354838709677419,1.0,12.58427
438,2017.0,Tyler Zeller,C,27.0,51.0,13.0,10.294117647058824,3.4901960784313726,0.8235294117647058,2.4313725490196076,0.39215686274509803,0.4117647058823529,0.13725490196078433,1.709538
439,2017.0,Stephen Zimmerman,C,20.0,19.0,7.3,5.684210526315789,1.2105263157894737,0.21052631578947367,1.8421052631578947,0.15789473684210525,0.2631578947368421,0.10526315789473684,1.312611
440,2017.0,Paul Zipser,SF,22.0,44.0,6.9,19.15909090909091,5.454545454545454,0.8181818181818182,2.840909090909091,0.9090909090909091,0.36363636363636365,0.3409090909090909,1.312611
441,2017.0,Ivica Zubac,C,19.0,38.0,17.0,16.026315789473685,7.473684210526316,0.7894736842105263,4.184210526315789,0.7894736842105263,0.868421052631579,0.3684210526315789,1.312611
